tweet_id	misogyny	category
0	misogyny	discredit
1	none	none
2	misogyny	discredit
3	misogyny	discredit
4	misogyny	discredit
5	misogyny	sexual harassment
6	none	none
7	none	none
8	none	none
9	misogyny	threat of violence
10	misogyny	discredit
11	misogyny	discredit
12	none	none
13	misogyny	discredit
14	misogyny	dominance
15	misogyny	threat of violence
16	none	none
17	none	none
18	misogyny	discredit
19	misogyny	discredit
20	none	none
21	none	none
22	misogyny	dominance
23	misogyny	sexual harassment
24	misogyny	stereotyping & objectification
25	none	none
26	none	none
27	misogyny	discredit
28	misogyny	stereotyping & objectification
29	misogyny	discredit
30	none	none
31	none	none
32	none	none
33	misogyny	stereotyping & objectification
34	misogyny	discredit
35	none	none
36	misogyny	none
37	none	none
38	misogyny	damning
39	misogyny	discredit
40	misogyny	damning
41	none	none
42	misogyny	stereotyping & objectification
43	misogyny	discredit
44	misogyny	discredit
45	misogyny	discredit
46	misogyny	stereotyping & objectification
47	misogyny	stereotyping & objectification
48	misogyny	damning
49	misogyny	damning
50	misogyny	discredit
51	none	none
52	misogyny	discredit
53	misogyny	discredit
54	none	none
55	misogyny	discredit
56	misogyny	dominance
57	misogyny	discredit
58	misogyny	stereotyping & objectification
59	misogyny	none
60	none	none
61	none	none
62	none	none
63	none	none
64	misogyny	stereotyping & objectification
65	none	none
66	none	none
67	misogyny	discredit
68	none	none
69	misogyny	discredit
70	none	none
71	misogyny	threat of violence
72	none	none
73	misogyny	discredit
74	misogyny	damning
75	none	none
76	misogyny	discredit
77	none	none
78	none	none
79	none	none
80	misogyny	discredit
81	misogyny	discredit
82	none	none
83	misogyny	discredit
84	misogyny	discredit
85	misogyny	discredit
86	none	none
87	none	none
88	none	none
89	none	none
90	misogyny	discredit
91	misogyny	damning
92	misogyny	stereotyping & objectification
93	misogyny	discredit
94	misogyny	discredit
95	misogyny	discredit
96	misogyny	stereotyping & objectification
97	misogyny	discredit
98	none	none
99	misogyny	damning
100	none	none
101	none	none
102	misogyny	discredit
103	none	none
104	misogyny	stereotyping & objectification
105	misogyny	damning
106	none	none
107	none	none
108	misogyny	damning
109	misogyny	discredit
110	misogyny	discredit
111	misogyny	dominance
112	none	none
113	misogyny	discredit
114	none	none
115	none	none
116	misogyny	discredit
117	none	none
118	misogyny	discredit
119	misogyny	discredit
120	misogyny	discredit
121	misogyny	discredit
122	misogyny	discredit
123	none	none
124	misogyny	discredit
125	misogyny	stereotyping & objectification
126	none	none
127	misogyny	discredit
128	misogyny	damning
129	none	none
130	misogyny	discredit
131	misogyny	discredit
132	misogyny	discredit
133	misogyny	stereotyping & objectification
134	misogyny	discredit
135	misogyny	stereotyping & objectification
136	none	none
137	misogyny	discredit
138	misogyny	discredit
139	none	none
140	misogyny	damning
141	misogyny	threat of violence
142	misogyny	dominance
143	misogyny	discredit
144	none	none
145	misogyny	discredit
146	none	none
147	misogyny	dominance
148	misogyny	discredit
149	misogyny	discredit
150	misogyny	discredit
151	misogyny	discredit
152	misogyny	damning
153	misogyny	derailing
154	misogyny	derailing
155	none	none
156	misogyny	stereotyping & objectification
157	misogyny	threat of violence
158	misogyny	discredit
159	misogyny	discredit
160	misogyny	damning
161	misogyny	discredit
162	none	none
163	misogyny	stereotyping & objectification
164	misogyny	damning
165	none	none
166	none	none
167	misogyny	discredit
168	misogyny	discredit
169	none	none
170	misogyny	discredit
171	misogyny	discredit
172	none	none
173	none	none
174	misogyny	discredit
175	misogyny	discredit
176	misogyny	damning
177	none	none
178	misogyny	discredit
179	none	none
180	none	none
181	misogyny	damning
182	none	none
183	misogyny	stereotyping & objectification
184	misogyny	discredit
185	none	none
186	misogyny	discredit
187	none	none
188	none	none
189	misogyny	discredit
190	none	none
191	misogyny	damning
192	none	none
193	misogyny	discredit
194	misogyny	discredit
195	misogyny	none
196	none	none
197	none	none
198	misogyny	damning
199	misogyny	threat of violence
200	none	none
201	none	none
202	none	none
203	none	none
204	none	none
205	none	none
206	none	none
207	misogyny	discredit
208	none	none
209	misogyny	discredit
210	misogyny	discredit
211	misogyny	discredit
212	none	none
213	misogyny	discredit
214	misogyny	stereotyping & objectification
215	none	none
216	misogyny	stereotyping & objectification
217	misogyny	none
218	none	none
219	misogyny	discredit
220	misogyny	stereotyping & objectification
221	none	none
222	misogyny	stereotyping & objectification
223	misogyny	discredit
224	misogyny	threat of violence
225	misogyny	stereotyping & objectification
226	misogyny	discredit
227	misogyny	discredit
228	misogyny	discredit
229	misogyny	discredit
230	none	none
231	misogyny	damning
232	misogyny	derailing
233	none	none
234	misogyny	discredit
235	misogyny	discredit
236	none	none
237	misogyny	discredit
238	none	none
239	misogyny	stereotyping & objectification
240	misogyny	discredit
241	misogyny	stereotyping & objectification
242	none	none
243	none	none
244	none	none
245	none	none
246	misogyny	discredit
247	misogyny	stereotyping & objectification
248	none	none
249	misogyny	sexual harassment
250	misogyny	discredit
251	misogyny	discredit
252	none	none
253	none	none
254	misogyny	discredit
255	misogyny	discredit
256	none	none
257	none	none
258	none	none
259	none	none
260	misogyny	discredit
261	misogyny	threat of violence
262	none	none
263	misogyny	discredit
264	misogyny	discredit
265	misogyny	discredit
266	misogyny	discredit
267	none	none
268	none	none
269	misogyny	stereotyping & objectification
270	misogyny	discredit
271	misogyny	discredit
272	none	none
273	misogyny	discredit
274	misogyny	discredit
275	none	none
276	misogyny	stereotyping & objectification
277	misogyny	discredit
278	none	none
279	none	none
280	none	none
281	misogyny	stereotyping & objectification
282	misogyny	damning
283	misogyny	discredit
284	none	none
285	misogyny	discredit
286	misogyny	discredit
287	misogyny	discredit
288	none	none
289	none	none
290	misogyny	discredit
291	misogyny	discredit
292	misogyny	stereotyping & objectification
293	misogyny	damning
294	none	none
295	misogyny	discredit
296	misogyny	discredit
297	none	none
298	misogyny	threat of violence
299	misogyny	discredit
300	none	none
301	none	none
302	misogyny	stereotyping & objectification
303	misogyny	discredit
304	none	none
305	misogyny	threat of violence
306	misogyny	damning
307	misogyny	stereotyping & objectification
308	none	none
309	misogyny	discredit
310	misogyny	damning
311	none	none
312	none	none
313	misogyny	discredit
314	misogyny	none
315	misogyny	discredit
316	misogyny	discredit
317	none	none
318	misogyny	stereotyping & objectification
319	none	none
320	misogyny	discredit
321	none	none
322	misogyny	discredit
323	misogyny	discredit
324	misogyny	sexual harassment
325	misogyny	threat of violence
326	none	none
327	misogyny	discredit
328	misogyny	threat of violence
329	none	none
330	none	none
331	misogyny	derailing
332	misogyny	discredit
333	misogyny	damning
334	misogyny	stereotyping & objectification
335	misogyny	discredit
336	misogyny	damning
337	misogyny	stereotyping & objectification
338	misogyny	discredit
339	none	none
340	misogyny	discredit
341	misogyny	stereotyping & objectification
342	misogyny	discredit
343	misogyny	discredit
344	misogyny	discredit
345	misogyny	discredit
346	misogyny	discredit
347	misogyny	discredit
348	none	none
349	misogyny	discredit
350	misogyny	threat of violence
351	misogyny	discredit
352	misogyny	discredit
353	misogyny	stereotyping & objectification
354	none	none
355	misogyny	stereotyping & objectification
356	misogyny	discredit
357	misogyny	damning
358	misogyny	discredit
359	misogyny	discredit
360	misogyny	discredit
361	misogyny	discredit
362	misogyny	stereotyping & objectification
363	misogyny	discredit
364	misogyny	discredit
365	misogyny	threat of violence
366	none	none
367	none	none
368	misogyny	damning
369	misogyny	discredit
370	misogyny	discredit
371	none	none
372	none	none
373	misogyny	threat of violence
374	misogyny	discredit
375	none	none
376	none	none
377	none	none
378	none	none
379	none	none
380	none	none
381	none	none
382	none	none
383	none	none
384	misogyny	discredit
385	none	none
386	none	none
387	misogyny	discredit
388	misogyny	threat of violence
389	misogyny	discredit
390	none	none
391	none	none
392	misogyny	discredit
393	none	none
394	misogyny	damning
395	misogyny	discredit
396	none	none
397	misogyny	discredit
398	misogyny	damning
399	misogyny	discredit
400	none	none
401	none	none
402	misogyny	discredit
403	none	none
404	misogyny	discredit
405	misogyny	discredit
406	none	none
407	misogyny	damning
408	misogyny	discredit
409	misogyny	discredit
410	misogyny	discredit
411	misogyny	stereotyping & objectification
412	misogyny	discredit
413	none	none
414	none	none
415	misogyny	damning
416	misogyny	discredit
417	misogyny	stereotyping & objectification
418	none	none
419	misogyny	discredit
420	misogyny	discredit
421	misogyny	discredit
422	misogyny	stereotyping & objectification
423	misogyny	damning
424	misogyny	stereotyping & objectification
425	none	none
426	none	none
427	misogyny	discredit
428	misogyny	stereotyping & objectification
429	misogyny	damning
430	none	none
431	none	none
432	none	none
433	misogyny	discredit
434	misogyny	discredit
435	misogyny	discredit
436	misogyny	stereotyping & objectification
437	misogyny	discredit
438	misogyny	discredit
439	none	none
440	none	none
441	misogyny	discredit
442	misogyny	discredit
443	misogyny	discredit
444	misogyny	damning
445	misogyny	discredit
446	none	none
447	none	none
448	none	none
449	misogyny	derailing
450	misogyny	discredit
451	misogyny	discredit
452	none	none
453	misogyny	discredit
454	none	none
455	none	none
456	misogyny	discredit
457	none	none
458	misogyny	dominance
459	misogyny	discredit
460	misogyny	stereotyping & objectification
461	misogyny	discredit
462	misogyny	dominance
463	none	none
464	misogyny	discredit
465	misogyny	stereotyping & objectification
466	none	none
467	misogyny	discredit
468	none	none
469	misogyny	stereotyping & objectification
470	none	none
471	misogyny	discredit
472	misogyny	discredit
473	none	none
474	none	none
475	misogyny	discredit
476	none	none
477	none	none
478	misogyny	discredit
479	misogyny	damning
480	none	none
481	misogyny	discredit
482	misogyny	none
483	misogyny	stereotyping & objectification
484	misogyny	stereotyping & objectification
485	misogyny	threat of violence
486	misogyny	damning
487	misogyny	discredit
488	misogyny	discredit
489	misogyny	discredit
490	misogyny	stereotyping & objectification
491	none	none
492	none	none
493	misogyny	discredit
494	none	none
495	none	none
496	none	none
497	misogyny	discredit
498	misogyny	stereotyping & objectification
499	misogyny	discredit
500	none	none
501	none	none
502	none	none
503	misogyny	stereotyping & objectification
504	none	none
505	none	none
506	none	none
507	misogyny	stereotyping & objectification
508	misogyny	discredit
509	misogyny	discredit
510	misogyny	discredit
511	misogyny	discredit
512	misogyny	discredit
513	misogyny	discredit
514	misogyny	discredit
515	none	none
516	none	none
517	none	none
518	misogyny	discredit
519	misogyny	discredit
520	misogyny	derailing
521	none	none
522	none	none
523	misogyny	discredit
524	misogyny	stereotyping & objectification
525	none	none
526	none	none
527	none	none
528	misogyny	threat of violence
529	misogyny	stereotyping & objectification
530	none	none
531	none	none
532	misogyny	discredit
533	misogyny	stereotyping & objectification
534	misogyny	discredit
535	misogyny	threat of violence
536	misogyny	discredit
537	none	none
538	misogyny	damning
539	misogyny	discredit
540	none	none
541	misogyny	derailing
542	none	none
543	none	none
544	none	none
545	misogyny	damning
546	none	none
547	none	none
548	misogyny	stereotyping & objectification
549	misogyny	discredit
550	none	none
551	misogyny	discredit
552	none	none
553	misogyny	stereotyping & objectification
554	misogyny	discredit
555	misogyny	discredit
556	misogyny	threat of violence
557	misogyny	damning
558	none	none
559	misogyny	discredit
560	misogyny	damning
561	misogyny	discredit
562	misogyny	discredit
563	misogyny	discredit
564	misogyny	discredit
565	misogyny	stereotyping & objectification
566	misogyny	discredit
567	misogyny	damning
568	misogyny	dominance
569	misogyny	discredit
570	misogyny	stereotyping & objectification
571	none	none
572	misogyny	discredit
573	misogyny	discredit
574	none	none
575	none	none
576	none	none
577	none	none
578	misogyny	discredit
579	none	none
580	none	none
581	misogyny	damning
582	misogyny	discredit
583	misogyny	discredit
584	misogyny	damning
585	misogyny	discredit
586	misogyny	discredit
587	misogyny	discredit
588	none	none
589	none	none
590	misogyny	none
591	none	none
592	none	none
593	misogyny	dominance
594	none	none
595	misogyny	discredit
596	misogyny	stereotyping & objectification
597	misogyny	stereotyping & objectification
598	misogyny	discredit
599	none	none
600	misogyny	discredit
601	none	none
602	misogyny	discredit
603	none	none
604	misogyny	discredit
605	misogyny	discredit
606	none	none
607	none	none
608	misogyny	damning
609	misogyny	discredit
610	misogyny	discredit
611	misogyny	discredit
612	misogyny	discredit
613	misogyny	discredit
614	none	none
615	misogyny	dominance
616	misogyny	discredit
617	none	none
618	none	none
619	none	none
620	none	none
621	none	none
622	misogyny	derailing
623	misogyny	discredit
624	none	none
625	misogyny	discredit
626	misogyny	damning
627	misogyny	discredit
628	misogyny	discredit
629	misogyny	discredit
630	misogyny	discredit
631	none	none
632	misogyny	discredit
633	none	none
634	none	none
635	misogyny	damning
636	none	none
637	misogyny	damning
638	misogyny	discredit
639	misogyny	discredit
640	misogyny	discredit
641	misogyny	discredit
642	misogyny	discredit
643	misogyny	discredit
644	none	none
645	none	none
646	none	none
647	misogyny	discredit
648	misogyny	stereotyping & objectification
649	misogyny	stereotyping & objectification
650	none	none
651	misogyny	stereotyping & objectification
652	misogyny	discredit
653	none	none
654	none	none
655	none	none
656	none	none
657	misogyny	discredit
658	none	none
659	misogyny	discredit
660	none	none
661	none	none
662	misogyny	damning
663	misogyny	discredit
664	misogyny	discredit
665	misogyny	dominance
666	none	none
667	misogyny	threat of violence
668	misogyny	discredit
669	none	none
670	misogyny	discredit
671	misogyny	damning
672	misogyny	stereotyping & objectification
673	misogyny	discredit
674	misogyny	stereotyping & objectification
675	none	none
676	none	none
677	misogyny	damning
678	misogyny	discredit
679	misogyny	discredit
680	misogyny	discredit
681	misogyny	discredit
682	none	none
683	none	none
684	misogyny	dominance
685	misogyny	stereotyping & objectification
686	misogyny	discredit
687	misogyny	dominance
688	none	none
689	misogyny	discredit
690	misogyny	discredit
691	misogyny	discredit
692	misogyny	threat of violence
693	misogyny	damning
694	misogyny	discredit
695	none	none
696	misogyny	discredit
697	none	none
698	misogyny	discredit
699	none	none
700	misogyny	threat of violence
701	misogyny	derailing
702	none	none
703	misogyny	damning
704	misogyny	discredit
705	none	none
706	misogyny	threat of violence
707	none	none
708	misogyny	stereotyping & objectification
709	misogyny	damning
710	misogyny	discredit
711	misogyny	discredit
712	misogyny	discredit
713	misogyny	discredit
714	none	none
715	misogyny	discredit
716	none	none
717	none	none
718	misogyny	discredit
719	none	none
720	misogyny	threat of violence
721	misogyny	dominance
722	none	none
723	misogyny	discredit
724	misogyny	stereotyping & objectification
725	none	none
726	misogyny	discredit
727	misogyny	discredit
728	misogyny	stereotyping & objectification
729	misogyny	discredit
730	misogyny	discredit
731	misogyny	discredit
732	misogyny	discredit
733	misogyny	none
734	misogyny	discredit
735	misogyny	stereotyping & objectification
736	misogyny	sexual harassment
737	misogyny	discredit
738	misogyny	discredit
739	misogyny	dominance
740	misogyny	discredit
741	none	none
742	misogyny	discredit
743	misogyny	stereotyping & objectification
744	none	none
745	none	none
746	misogyny	discredit
747	none	none
748	none	none
749	misogyny	discredit
750	misogyny	discredit
751	misogyny	stereotyping & objectification
752	none	none
753	none	none
754	misogyny	damning
755	misogyny	threat of violence
756	none	none
757	misogyny	stereotyping & objectification
758	misogyny	discredit
759	misogyny	discredit
760	misogyny	discredit
761	misogyny	discredit
762	misogyny	discredit
763	misogyny	discredit
764	misogyny	discredit
765	none	none
766	none	none
767	misogyny	damning
768	misogyny	damning
769	misogyny	stereotyping & objectification
770	misogyny	discredit
771	misogyny	discredit
772	misogyny	threat of violence
773	none	none
774	misogyny	discredit
775	none	none
776	misogyny	discredit
777	misogyny	discredit
778	misogyny	discredit
779	none	none
780	misogyny	stereotyping & objectification
781	none	none
782	misogyny	stereotyping & objectification
783	misogyny	stereotyping & objectification
784	misogyny	discredit
785	none	none
786	misogyny	stereotyping & objectification
787	misogyny	discredit
788	none	none
789	misogyny	discredit
790	none	none
791	none	none
792	misogyny	stereotyping & objectification
793	misogyny	discredit
794	misogyny	derailing
795	misogyny	discredit
796	none	none
797	misogyny	discredit
798	none	none
799	misogyny	discredit
800	none	none
801	misogyny	discredit
802	none	none
803	misogyny	discredit
804	none	none
805	none	none
806	none	none
807	misogyny	discredit
808	misogyny	damning
809	misogyny	discredit
810	none	none
811	none	none
812	misogyny	discredit
813	misogyny	damning
814	none	none
815	none	none
816	none	none
817	misogyny	discredit
818	none	none
819	none	none
820	misogyny	dominance
821	misogyny	discredit
822	none	none
823	none	none
824	misogyny	stereotyping & objectification
825	misogyny	discredit
826	none	none
827	misogyny	discredit
828	none	none
829	none	none
830	none	none
831	misogyny	threat of violence
832	none	none
833	none	none
834	misogyny	discredit
835	misogyny	damning
836	misogyny	discredit
837	misogyny	discredit
838	misogyny	discredit
839	misogyny	stereotyping & objectification
840	misogyny	discredit
841	misogyny	dominance
842	misogyny	damning
843	none	none
844	misogyny	stereotyping & objectification
845	misogyny	derailing
846	none	none
847	none	none
848	misogyny	discredit
849	misogyny	discredit
850	misogyny	discredit
851	misogyny	discredit
852	none	none
853	misogyny	discredit
854	misogyny	damning
855	misogyny	discredit
856	misogyny	discredit
857	misogyny	dominance
858	misogyny	damning
859	misogyny	discredit
860	misogyny	damning
861	misogyny	discredit
862	none	none
863	misogyny	damning
864	misogyny	damning
865	none	none
866	none	none
867	misogyny	discredit
868	misogyny	damning
869	none	none
870	misogyny	discredit
871	none	none
872	misogyny	sexual harassment
873	misogyny	discredit
874	misogyny	discredit
875	misogyny	dominance
876	misogyny	stereotyping & objectification
877	misogyny	discredit
878	none	none
879	misogyny	damning
880	misogyny	threat of violence
881	none	none
882	misogyny	discredit
883	misogyny	stereotyping & objectification
884	none	none
885	misogyny	dominance
886	misogyny	damning
887	none	none
888	misogyny	discredit
889	none	none
890	misogyny	discredit
891	misogyny	discredit
892	misogyny	discredit
893	misogyny	damning
894	none	none
895	none	none
896	none	none
897	misogyny	discredit
898	misogyny	discredit
899	misogyny	stereotyping & objectification
900	misogyny	threat of violence
901	none	none
902	misogyny	discredit
903	misogyny	discredit
904	none	none
905	none	none
906	misogyny	discredit
907	misogyny	discredit
908	none	none
909	none	none
910	misogyny	stereotyping & objectification
911	none	none
912	none	none
913	misogyny	stereotyping & objectification
914	misogyny	discredit
915	misogyny	dominance
916	misogyny	damning
917	none	none
918	misogyny	discredit
919	none	none
920	none	none
921	misogyny	discredit
922	none	none
923	misogyny	damning
924	misogyny	discredit
925	none	none
926	misogyny	stereotyping & objectification
927	misogyny	damning
928	none	none
929	misogyny	stereotyping & objectification
930	misogyny	discredit
931	misogyny	stereotyping & objectification
932	misogyny	discredit
933	misogyny	discredit
934	misogyny	stereotyping & objectification
935	none	none
936	none	none
937	misogyny	damning
938	none	none
939	none	none
940	none	none
941	misogyny	discredit
942	none	none
943	none	none
944	misogyny	discredit
945	misogyny	stereotyping & objectification
946	none	none
947	misogyny	discredit
948	misogyny	discredit
949	misogyny	discredit
950	none	none
951	misogyny	damning
952	misogyny	stereotyping & objectification
953	misogyny	discredit
954	none	none
955	none	none
956	misogyny	dominance
957	misogyny	discredit
958	misogyny	damning
959	misogyny	derailing
960	none	none
961	none	none
962	misogyny	threat of violence
963	none	none
964	misogyny	discredit
965	none	none
966	none	none
967	misogyny	threat of violence
968	misogyny	discredit
969	none	none
970	none	none
971	none	none
972	none	none
973	none	none
974	none	none
975	none	none
976	none	none
977	none	none
978	none	none
979	none	none
980	misogyny	stereotyping & objectification
981	misogyny	discredit
982	misogyny	discredit
983	none	none
984	none	none
985	misogyny	damning
986	misogyny	discredit
987	misogyny	discredit
988	misogyny	damning
989	misogyny	discredit
990	misogyny	dominance
991	misogyny	discredit
992	none	none
993	none	none
994	misogyny	discredit
995	none	none
996	misogyny	discredit
997	misogyny	discredit
998	misogyny	derailing
999	none	none
1000	none	none
1001	misogyny	damning
1002	none	none
1003	none	none
1004	misogyny	damning
1005	misogyny	threat of violence
1006	none	none
1007	none	none
1008	misogyny	discredit
1009	none	none
1010	misogyny	discredit
1011	misogyny	discredit
1012	none	none
1013	misogyny	discredit
1014	misogyny	dominance
1015	none	none
1016	misogyny	discredit
1017	misogyny	discredit
1018	misogyny	stereotyping & objectification
1019	none	none
1020	none	none
1021	none	none
1022	misogyny	discredit
1023	none	none
1024	misogyny	discredit
1025	misogyny	discredit
1026	misogyny	discredit
1027	none	none
1028	misogyny	discredit
1029	misogyny	discredit
1030	misogyny	discredit
1031	misogyny	discredit
1032	none	none
1033	none	none
1034	none	none
1035	misogyny	discredit
1036	none	none
1037	none	none
1038	misogyny	discredit
1039	misogyny	damning
1040	none	none
1041	misogyny	discredit
1042	misogyny	threat of violence
1043	misogyny	discredit
1044	none	none
1045	misogyny	discredit
1046	misogyny	discredit
1047	misogyny	stereotyping & objectification
1048	misogyny	damning
1049	none	none
1050	misogyny	discredit
1051	none	none
1052	misogyny	discredit
1053	none	none
1054	misogyny	stereotyping & objectification
1055	misogyny	discredit
1056	none	none
1057	misogyny	discredit
1058	none	none
1059	none	none
1060	none	none
1061	none	none
1062	none	none
1063	misogyny	stereotyping & objectification
1064	misogyny	discredit
1065	none	none
1066	misogyny	discredit
1067	none	none
1068	misogyny	discredit
1069	misogyny	discredit
1070	misogyny	discredit
1071	none	none
1072	none	none
1073	none	none
1074	misogyny	discredit
1075	misogyny	discredit
1076	misogyny	discredit
1077	misogyny	discredit
1078	none	none
1079	none	none
1080	none	none
1081	none	none
1082	misogyny	discredit
1083	none	none
1084	misogyny	dominance
1085	misogyny	damning
1086	none	none
1087	misogyny	discredit
1088	none	none
1089	misogyny	discredit
1090	none	none
1091	misogyny	discredit
1092	misogyny	stereotyping & objectification
1093	misogyny	stereotyping & objectification
1094	none	none
1095	none	none
1096	none	none
1097	none	none
1098	misogyny	stereotyping & objectification
1099	misogyny	stereotyping & objectification
1100	misogyny	discredit
1101	none	none
1102	misogyny	derailing
1103	misogyny	discredit
1104	none	none
1105	misogyny	discredit
1106	misogyny	discredit
1107	misogyny	discredit
1108	misogyny	stereotyping & objectification
1109	misogyny	discredit
1110	misogyny	discredit
1111	misogyny	discredit
1112	none	none
1113	misogyny	discredit
1114	misogyny	discredit
1115	none	none
1116	misogyny	none
1117	none	none
1118	none	none
1119	misogyny	discredit
1120	misogyny	stereotyping & objectification
1121	misogyny	discredit
1122	none	none
1123	misogyny	discredit
1124	none	none
1125	none	none
1126	misogyny	discredit
1127	misogyny	discredit
1128	misogyny	dominance
1129	misogyny	stereotyping & objectification
1130	none	none
1131	none	none
1132	misogyny	none
1133	misogyny	discredit
1134	misogyny	discredit
1135	misogyny	damning
1136	none	none
1137	none	none
1138	misogyny	stereotyping & objectification
1139	none	none
1140	misogyny	threat of violence
1141	misogyny	discredit
1142	misogyny	discredit
1143	none	none
1144	misogyny	discredit
1145	none	none
1146	misogyny	discredit
1147	none	none
1148	misogyny	damning
1149	misogyny	damning
1150	none	none
1151	misogyny	discredit
1152	misogyny	discredit
1153	misogyny	damning
1154	misogyny	discredit
1155	none	none
1156	misogyny	discredit
1157	misogyny	stereotyping & objectification
1158	none	none
1159	misogyny	discredit
1160	misogyny	stereotyping & objectification
1161	misogyny	discredit
1162	none	none
1163	misogyny	discredit
1164	none	none
1165	none	none
1166	misogyny	discredit
1167	none	none
1168	none	none
1169	misogyny	derailing
1170	misogyny	discredit
1171	misogyny	discredit
1172	misogyny	discredit
1173	misogyny	damning
1174	none	none
1175	misogyny	stereotyping & objectification
1176	none	none
1177	none	none
1178	misogyny	stereotyping & objectification
1179	none	none
1180	none	none
1181	none	none
1182	misogyny	stereotyping & objectification
1183	misogyny	stereotyping & objectification
1184	misogyny	discredit
1185	misogyny	discredit
1186	none	none
1187	misogyny	damning
1188	misogyny	stereotyping & objectification
1189	none	none
1190	misogyny	discredit
1191	misogyny	discredit
1192	none	none
1193	misogyny	discredit
1194	misogyny	discredit
1195	misogyny	dominance
1196	misogyny	discredit
1197	none	none
1198	misogyny	discredit
1199	misogyny	damning
1200	misogyny	discredit
1201	none	none
1202	misogyny	discredit
1203	misogyny	stereotyping & objectification
1204	misogyny	discredit
1205	misogyny	discredit
1206	misogyny	damning
1207	misogyny	discredit
1208	misogyny	discredit
1209	misogyny	discredit
1210	none	none
1211	misogyny	damning
1212	none	none
1213	misogyny	damning
1214	misogyny	discredit
1215	misogyny	discredit
1216	none	none
1217	none	none
1218	misogyny	damning
1219	none	none
1220	misogyny	discredit
1221	none	none
1222	misogyny	discredit
1223	misogyny	discredit
1224	none	none
1225	misogyny	discredit
1226	misogyny	discredit
1227	none	none
1228	none	none
1229	misogyny	discredit
1230	none	none
1231	none	none
1232	misogyny	discredit
1233	none	none
1234	none	none
1235	misogyny	damning
1236	none	none
1237	none	none
1238	misogyny	discredit
1239	misogyny	dominance
1240	none	none
1241	misogyny	damning
1242	none	none
1243	none	none
1244	none	none
1245	misogyny	discredit
1246	misogyny	discredit
1247	misogyny	discredit
1248	none	none
1249	misogyny	discredit
1250	none	none
1251	misogyny	discredit
1252	misogyny	discredit
1253	misogyny	discredit
1254	misogyny	discredit
1255	misogyny	discredit
1256	none	none
1257	misogyny	discredit
1258	misogyny	stereotyping & objectification
1259	misogyny	discredit
1260	misogyny	discredit
1261	none	none
1262	misogyny	derailing
1263	misogyny	discredit
1264	misogyny	damning
1265	none	none
1266	misogyny	discredit
1267	misogyny	discredit
1268	misogyny	discredit
1269	none	none
1270	none	none
1271	misogyny	discredit
1272	misogyny	discredit
1273	misogyny	discredit
1274	misogyny	discredit
1275	none	none
1276	none	none
1277	misogyny	discredit
1278	misogyny	discredit
1279	misogyny	discredit
1280	misogyny	discredit
1281	none	none
1282	misogyny	discredit
1283	misogyny	dominance
1284	misogyny	discredit
1285	misogyny	discredit
1286	misogyny	damning
1287	misogyny	derailing
1288	misogyny	dominance
1289	misogyny	discredit
1290	misogyny	discredit
1291	misogyny	dominance
1292	none	none
1293	none	none
1294	none	none
1295	misogyny	discredit
1296	none	none
1297	misogyny	discredit
1298	none	none
1299	none	none
1300	none	none
1301	misogyny	discredit
1302	misogyny	stereotyping & objectification
1303	misogyny	discredit
1304	none	none
1305	misogyny	discredit
1306	misogyny	discredit
1307	none	none
1308	misogyny	damning
1309	none	none
1310	misogyny	discredit
1311	none	none
1312	misogyny	discredit
1313	none	none
1314	misogyny	damning
1315	none	none
1316	misogyny	discredit
1317	none	none
1318	misogyny	discredit
1319	none	none
1320	misogyny	discredit
1321	none	none
1322	none	none
1323	misogyny	discredit
1324	none	none
1325	misogyny	stereotyping & objectification
1326	misogyny	discredit
1327	misogyny	stereotyping & objectification
1328	none	none
1329	misogyny	discredit
1330	misogyny	damning
1331	misogyny	discredit
1332	misogyny	discredit
1333	misogyny	stereotyping & objectification
1334	none	none
1335	misogyny	damning
1336	misogyny	discredit
1337	misogyny	discredit
1338	none	none
1339	misogyny	discredit
1340	misogyny	damning
1341	misogyny	discredit
1342	misogyny	discredit
1343	misogyny	discredit
1344	none	none
1345	none	none
1346	misogyny	discredit
1347	none	none
1348	none	none
1349	misogyny	stereotyping & objectification
1350	none	none
1351	none	none
1352	misogyny	damning
1353	misogyny	discredit
1354	none	none
1355	misogyny	threat of violence
1356	none	none
1357	none	none
1358	none	none
1359	misogyny	threat of violence
1360	misogyny	discredit
1361	misogyny	threat of violence
1362	misogyny	none
1363	misogyny	discredit
1364	misogyny	discredit
1365	misogyny	stereotyping & objectification
1366	misogyny	stereotyping & objectification
1367	misogyny	discredit
1368	misogyny	discredit
1369	misogyny	discredit
1370	misogyny	dominance
1371	none	none
1372	none	none
1373	misogyny	discredit
1374	none	none
1375	misogyny	discredit
1376	none	none
1377	misogyny	discredit
1378	misogyny	discredit
1379	misogyny	discredit
1380	misogyny	threat of violence
1381	none	none
1382	misogyny	stereotyping & objectification
1383	none	none
1384	misogyny	discredit
1385	misogyny	stereotyping & objectification
1386	misogyny	discredit
1387	none	none
1388	misogyny	discredit
1389	misogyny	discredit
1390	misogyny	discredit
1391	none	none
1392	misogyny	discredit
1393	misogyny	discredit
1394	misogyny	damning
1395	none	none
1396	none	none
1397	none	none
1398	misogyny	discredit
1399	misogyny	discredit
1400	misogyny	discredit
1401	none	none
1402	misogyny	discredit
1403	misogyny	discredit
1404	misogyny	discredit
1405	none	none
1406	none	none
1407	misogyny	discredit
1408	none	none
1409	misogyny	discredit
1410	misogyny	discredit
1411	none	none
1412	misogyny	stereotyping & objectification
1413	misogyny	discredit
1414	none	none
1415	misogyny	damning
1416	none	none
1417	misogyny	discredit
1418	misogyny	dominance
1419	none	none
1420	misogyny	discredit
1421	misogyny	discredit
1422	none	none
1423	none	none
1424	none	none
1425	misogyny	discredit
1426	none	none
1427	misogyny	dominance
1428	none	none
1429	none	none
1430	none	none
1431	none	none
1432	misogyny	threat of violence
1433	none	none
1434	misogyny	discredit
1435	misogyny	discredit
1436	misogyny	damning
1437	misogyny	damning
1438	misogyny	stereotyping & objectification
1439	misogyny	stereotyping & objectification
1440	none	none
1441	misogyny	discredit
1442	misogyny	stereotyping & objectification
1443	misogyny	damning
1444	none	none
1445	none	none
1446	misogyny	stereotyping & objectification
1447	misogyny	dominance
1448	misogyny	discredit
1449	misogyny	stereotyping & objectification
1450	misogyny	discredit
1451	misogyny	discredit
1452	none	none
1453	misogyny	discredit
1454	misogyny	damning
1455	none	none
1456	misogyny	discredit
1457	misogyny	discredit
1458	misogyny	discredit
1459	misogyny	discredit
1460	misogyny	damning
1461	none	none
1462	misogyny	stereotyping & objectification
1463	none	none
1464	none	none
1465	none	none
1466	misogyny	discredit
1467	misogyny	damning
1468	misogyny	discredit
1469	misogyny	discredit
1470	none	none
1471	none	none
1472	misogyny	damning
1473	misogyny	discredit
1474	none	none
1475	misogyny	discredit
1476	misogyny	stereotyping & objectification
1477	none	none
1478	misogyny	threat of violence
1479	none	none
1480	misogyny	discredit
1481	misogyny	damning
1482	none	none
1483	none	none
1484	none	none
1485	none	none
1486	misogyny	discredit
1487	misogyny	stereotyping & objectification
1488	misogyny	discredit
1489	none	none
1490	none	none
1491	misogyny	discredit
1492	none	none
1493	none	none
1494	none	none
1495	none	none
1496	misogyny	damning
1497	misogyny	discredit
1498	none	none
1499	misogyny	stereotyping & objectification
1500	misogyny	discredit
1501	misogyny	discredit
1502	misogyny	discredit
1503	misogyny	discredit
1504	misogyny	discredit
1505	misogyny	damning
1506	none	none
1507	misogyny	stereotyping & objectification
1508	misogyny	discredit
1509	none	none
1510	misogyny	derailing
1511	misogyny	dominance
1512	none	none
1513	misogyny	discredit
1514	none	none
1515	none	none
1516	misogyny	discredit
1517	none	none
1518	misogyny	stereotyping & objectification
1519	misogyny	damning
1520	misogyny	discredit
1521	misogyny	damning
1522	misogyny	stereotyping & objectification
1523	none	none
1524	misogyny	discredit
1525	none	none
1526	misogyny	threat of violence
1527	none	none
1528	none	none
1529	misogyny	damning
1530	none	none
1531	misogyny	stereotyping & objectification
1532	misogyny	damning
1533	none	none
1534	misogyny	dominance
1535	misogyny	discredit
1536	none	none
1537	misogyny	discredit
1538	misogyny	discredit
1539	none	none
1540	misogyny	discredit
1541	none	none
1542	misogyny	dominance
1543	none	none
1544	none	none
1545	misogyny	discredit
1546	misogyny	discredit
1547	misogyny	discredit
1548	misogyny	dominance
1549	misogyny	discredit
1550	misogyny	discredit
1551	none	none
1552	misogyny	stereotyping & objectification
1553	misogyny	discredit
1554	none	none
1555	misogyny	damning
1556	misogyny	stereotyping & objectification
1557	misogyny	stereotyping & objectification
1558	misogyny	discredit
1559	misogyny	discredit
1560	none	none
1561	misogyny	damning
1562	none	none
1563	none	none
1564	misogyny	discredit
1565	misogyny	discredit
1566	none	none
1567	misogyny	discredit
1568	none	none
1569	none	none
1570	misogyny	dominance
1571	none	none
1572	misogyny	discredit
1573	none	none
1574	none	none
1575	none	none
1576	none	none
1577	misogyny	damning
1578	misogyny	discredit
1579	none	none
1580	misogyny	discredit
1581	none	none
1582	misogyny	stereotyping & objectification
1583	misogyny	discredit
1584	misogyny	discredit
1585	misogyny	discredit
1586	misogyny	dominance
1587	misogyny	stereotyping & objectification
1588	misogyny	discredit
1589	none	none
1590	misogyny	damning
1591	misogyny	damning
1592	misogyny	discredit
1593	misogyny	discredit
1594	misogyny	discredit
1595	misogyny	discredit
1596	misogyny	discredit
1597	none	none
1598	misogyny	threat of violence
1599	none	none
1600	misogyny	discredit
1601	none	none
1602	misogyny	discredit
1603	none	none
1604	misogyny	stereotyping & objectification
1605	misogyny	stereotyping & objectification
1606	misogyny	stereotyping & objectification
1607	none	none
1608	misogyny	threat of violence
1609	misogyny	damning
1610	misogyny	discredit
1611	misogyny	discredit
1612	misogyny	threat of violence
1613	none	none
1614	misogyny	stereotyping & objectification
1615	none	none
1616	misogyny	discredit
1617	misogyny	discredit
1618	misogyny	dominance
1619	none	none
1620	misogyny	threat of violence
1621	misogyny	discredit
1622	misogyny	sexual harassment
1623	misogyny	discredit
1624	none	none
1625	misogyny	discredit
1626	misogyny	discredit
1627	misogyny	dominance
1628	misogyny	discredit
1629	misogyny	threat of violence
1630	misogyny	discredit
1631	misogyny	stereotyping & objectification
1632	misogyny	discredit
1633	misogyny	damning
1634	misogyny	damning
1635	none	none
1636	none	none
1637	none	none
1638	misogyny	discredit
1639	misogyny	discredit
1640	misogyny	discredit
1641	none	none
1642	misogyny	discredit
1643	none	none
1644	misogyny	derailing
1645	misogyny	discredit
1646	misogyny	damning
1647	misogyny	stereotyping & objectification
1648	misogyny	discredit
1649	none	none
1650	misogyny	damning
1651	misogyny	discredit
1652	misogyny	stereotyping & objectification
1653	misogyny	stereotyping & objectification
1654	misogyny	discredit
1655	misogyny	discredit
1656	misogyny	dominance
1657	misogyny	discredit
1658	misogyny	dominance
1659	none	none
1660	misogyny	discredit
1661	none	none
1662	none	none
1663	misogyny	discredit
1664	none	none
1665	none	none
1666	misogyny	discredit
1667	misogyny	damning
1668	none	none
1669	misogyny	discredit
1670	misogyny	discredit
1671	misogyny	discredit
1672	none	none
1673	misogyny	discredit
1674	misogyny	discredit
1675	none	none
1676	misogyny	stereotyping & objectification
1677	misogyny	discredit
1678	misogyny	discredit
1679	misogyny	discredit
1680	none	none
1681	none	none
1682	none	none
1683	misogyny	discredit
1684	misogyny	stereotyping & objectification
1685	misogyny	stereotyping & objectification
1686	misogyny	discredit
1687	none	none
1688	misogyny	discredit
1689	none	none
1690	misogyny	discredit
1691	misogyny	discredit
1692	misogyny	discredit
1693	none	none
1694	misogyny	discredit
1695	misogyny	stereotyping & objectification
1696	misogyny	damning
1697	misogyny	discredit
1698	misogyny	discredit
1699	misogyny	discredit
1700	misogyny	discredit
1701	none	none
1702	misogyny	discredit
1703	none	none
1704	misogyny	discredit
1705	none	none
1706	misogyny	discredit
1707	none	none
1708	misogyny	threat of violence
1709	none	none
1710	misogyny	discredit
1711	misogyny	discredit
1712	none	none
1713	misogyny	dominance
1714	none	none
1715	misogyny	discredit
1716	none	none
1717	none	none
1718	none	none
1719	none	none
1720	misogyny	discredit
1721	misogyny	damning
1722	misogyny	damning
1723	misogyny	stereotyping & objectification
1724	none	none
1725	misogyny	discredit
1726	misogyny	discredit
1727	none	none
1728	misogyny	stereotyping & objectification
1729	misogyny	discredit
1730	none	none
1731	none	none
1732	misogyny	discredit
1733	misogyny	stereotyping & objectification
1734	none	none
1735	none	none
1736	misogyny	damning
1737	misogyny	discredit
1738	misogyny	discredit
1739	misogyny	derailing
1740	misogyny	discredit
1741	misogyny	dominance
1742	misogyny	discredit
1743	misogyny	discredit
1744	none	none
1745	misogyny	discredit
1746	misogyny	discredit
1747	misogyny	damning
1748	misogyny	dominance
1749	misogyny	discredit
1750	misogyny	damning
1751	none	none
1752	misogyny	discredit
1753	misogyny	discredit
1754	none	none
1755	misogyny	discredit
1756	misogyny	discredit
1757	misogyny	discredit
1758	none	none
1759	none	none
1760	misogyny	discredit
1761	misogyny	dominance
1762	misogyny	discredit
1763	none	none
1764	misogyny	discredit
1765	misogyny	discredit
1766	misogyny	discredit
1767	misogyny	discredit
1768	none	none
1769	misogyny	stereotyping & objectification
1770	none	none
1771	misogyny	discredit
1772	misogyny	discredit
1773	none	none
1774	misogyny	discredit
1775	misogyny	damning
1776	misogyny	discredit
1777	misogyny	damning
1778	misogyny	discredit
1779	misogyny	discredit
1780	misogyny	discredit
1781	misogyny	discredit
1782	misogyny	discredit
1783	none	none
1784	misogyny	discredit
1785	misogyny	discredit
1786	none	none
1787	misogyny	discredit
1788	none	none
1789	misogyny	discredit
1790	misogyny	discredit
1791	none	none
1792	none	none
1793	misogyny	discredit
1794	misogyny	stereotyping & objectification
1795	misogyny	discredit
1796	misogyny	discredit
1797	none	none
1798	misogyny	discredit
1799	none	none
1800	misogyny	discredit
1801	misogyny	discredit
1802	none	none
1803	none	none
1804	misogyny	discredit
1805	none	none
1806	none	none
1807	misogyny	discredit
1808	none	none
1809	misogyny	discredit
1810	none	none
1811	misogyny	dominance
1812	misogyny	discredit
1813	none	none
1814	none	none
1815	none	none
1816	none	none
1817	misogyny	stereotyping & objectification
1818	misogyny	dominance
1819	none	none
1820	misogyny	damning
1821	none	none
1822	misogyny	discredit
1823	misogyny	stereotyping & objectification
1824	none	none
1825	misogyny	discredit
1826	misogyny	discredit
1827	misogyny	damning
1828	none	none
1829	misogyny	stereotyping & objectification
1830	misogyny	dominance
1831	misogyny	discredit
1832	misogyny	discredit
1833	misogyny	discredit
1834	none	none
1835	misogyny	discredit
1836	none	none
1837	none	none
1838	none	none
1839	misogyny	discredit
1840	misogyny	damning
1841	misogyny	discredit
1842	none	none
1843	none	none
1844	misogyny	discredit
1845	none	none
1846	none	none
1847	misogyny	discredit
1848	none	none
1849	misogyny	discredit
1850	none	none
1851	none	none
1852	misogyny	discredit
1853	none	none
1854	none	none
1855	none	none
1856	misogyny	damning
1857	misogyny	discredit
1858	misogyny	discredit
1859	none	none
1860	misogyny	dominance
1861	none	none
1862	none	none
1863	none	none
1864	misogyny	threat of violence
1865	misogyny	discredit
1866	misogyny	discredit
1867	none	none
1868	misogyny	discredit
1869	misogyny	discredit
1870	misogyny	dominance
1871	none	none
1872	misogyny	discredit
1873	misogyny	discredit
1874	misogyny	discredit
1875	misogyny	discredit
1876	misogyny	discredit
1877	misogyny	discredit
1878	misogyny	discredit
1879	misogyny	discredit
1880	misogyny	stereotyping & objectification
1881	misogyny	discredit
1882	none	none
1883	misogyny	discredit
1884	none	none
1885	misogyny	stereotyping & objectification
1886	misogyny	discredit
1887	none	none
1888	misogyny	discredit
1889	none	none
1890	none	none
1891	misogyny	discredit
1892	misogyny	discredit
1893	none	none
1894	misogyny	dominance
1895	misogyny	discredit
1896	none	none
1897	misogyny	discredit
1898	misogyny	discredit
1899	misogyny	threat of violence
1900	misogyny	discredit
1901	misogyny	damning
1902	none	none
1903	none	none
1904	misogyny	threat of violence
1905	misogyny	discredit
1906	misogyny	discredit
1907	misogyny	damning
1908	misogyny	discredit
1909	none	none
1910	misogyny	discredit
1911	misogyny	discredit
1912	misogyny	discredit
1913	misogyny	damning
1914	misogyny	stereotyping & objectification
1915	misogyny	discredit
1916	misogyny	damning
1917	none	none
1918	misogyny	discredit
1919	misogyny	discredit
1920	none	none
1921	none	none
1922	none	none
1923	none	none
1924	misogyny	stereotyping & objectification
1925	none	none
1926	misogyny	none
1927	misogyny	stereotyping & objectification
1928	misogyny	stereotyping & objectification
1929	misogyny	discredit
1930	none	none
1931	misogyny	discredit
1932	misogyny	discredit
1933	none	none
1934	none	none
1935	misogyny	stereotyping & objectification
1936	none	none
1937	misogyny	discredit
1938	misogyny	discredit
1939	misogyny	discredit
1940	misogyny	dominance
1941	misogyny	stereotyping & objectification
1942	misogyny	discredit
1943	misogyny	discredit
1944	misogyny	stereotyping & objectification
1945	none	none
1946	misogyny	discredit
1947	misogyny	damning
1948	misogyny	discredit
1949	misogyny	stereotyping & objectification
1950	none	none
1951	misogyny	derailing
1952	none	none
1953	misogyny	discredit
1954	none	none
1955	misogyny	damning
1956	misogyny	discredit
1957	misogyny	damning
1958	none	none
1959	misogyny	discredit
1960	none	none
1961	misogyny	discredit
1962	misogyny	discredit
1963	misogyny	threat of violence
1964	none	none
1965	none	none
1966	none	none
